,Task1-Accuracy,Task2-Accuracy,Task2-Jaccard
3,0.7975460122699386,0.11451942740286299,0.2995246589326664
